<?xml version="1.0" encoding="UTF-8"?>
<GenRun Id="impl_1" LaunchPart="xc7a100tcsg324-1" LaunchTime="1592617843">
  <File Type="BITSTR-BMM" Name="top_for_board_bd.bmm"/>
  <File Type="OPT-METHODOLOGY-DRC" Name="top_for_board_methodology_drc_opted.rpt"/>
  <File Type="INIT-TIMING" Name="top_for_board_timing_summary_init.rpt"/>
  <File Type="ROUTE-PWR" Name="top_for_board_power_routed.rpt"/>
  <File Type="PA-TCL" Name="top_for_board.tcl"/>
  <File Type="OPT-TIMING" Name="top_for_board_timing_summary_opted.rpt"/>
  <File Type="OPT-DCP" Name="top_for_board_opt.dcp"/>
  <File Type="ROUTE-PWR-SUM" Name="top_for_board_power_summary_routed.pb"/>
  <File Type="REPORTS-TCL" Name="top_for_board_reports.tcl"/>
  <File Type="OPT-DRC" Name="top_for_board_drc_opted.rpt"/>
  <File Type="OPT-HWDEF" Name="top_for_board.hwdef"/>
  <File Type="PWROPT-DCP" Name="top_for_board_pwropt.dcp"/>
  <File Type="PWROPT-DRC" Name="top_for_board_drc_pwropted.rpt"/>
  <File Type="PWROPT-TIMING" Name="top_for_board_timing_summary_pwropted.rpt"/>
  <File Type="PLACE-DCP" Name="top_for_board_placed.dcp"/>
  <File Type="PLACE-IO" Name="top_for_board_io_placed.rpt"/>
  <File Type="PLACE-CLK" Name="top_for_board_clock_utilization_placed.rpt"/>
  <File Type="PLACE-UTIL" Name="top_for_board_utilization_placed.rpt"/>
  <File Type="PLACE-UTIL-PB" Name="top_for_board_utilization_placed.pb"/>
  <File Type="PLACE-CTRL" Name="top_for_board_control_sets_placed.rpt"/>
  <File Type="PLACE-SIMILARITY" Name="top_for_board_incremental_reuse_placed.rpt"/>
  <File Type="PLACE-PRE-SIMILARITY" Name="top_for_board_incremental_reuse_pre_placed.rpt"/>
  <File Type="BG-BGN" Name="top_for_board.bgn"/>
  <File Type="PLACE-TIMING" Name="top_for_board_timing_summary_placed.rpt"/>
  <File Type="POSTPLACE-PWROPT-DCP" Name="top_for_board_postplace_pwropt.dcp"/>
  <File Type="BG-BIN" Name="top_for_board.bin"/>
  <File Type="POSTPLACE-PWROPT-TIMING" Name="top_for_board_timing_summary_postplace_pwropted.rpt"/>
  <File Type="PHYSOPT-DCP" Name="top_for_board_physopt.dcp"/>
  <File Type="PHYSOPT-DRC" Name="top_for_board_drc_physopted.rpt"/>
  <File Type="BITSTR-MSK" Name="top_for_board.msk"/>
  <File Type="PHYSOPT-TIMING" Name="top_for_board_timing_summary_physopted.rpt"/>
  <File Type="ROUTE-ERROR-DCP" Name="top_for_board_routed_error.dcp"/>
  <File Type="ROUTE-DCP" Name="top_for_board_routed.dcp"/>
  <File Type="ROUTE-BLACKBOX-DCP" Name="top_for_board_routed_bb.dcp"/>
  <File Type="ROUTE-DRC" Name="top_for_board_drc_routed.rpt"/>
  <File Type="ROUTE-DRC-PB" Name="top_for_board_drc_routed.pb"/>
  <File Type="BITSTR-LTX" Name="debug_nets.ltx"/>
  <File Type="BITSTR-LTX" Name="top_for_board.ltx"/>
  <File Type="ROUTE-DRC-RPX" Name="top_for_board_drc_routed.rpx"/>
  <File Type="BITSTR-MMI" Name="top_for_board.mmi"/>
  <File Type="ROUTE-METHODOLOGY-DRC" Name="top_for_board_methodology_drc_routed.rpt"/>
  <File Type="ROUTE-METHODOLOGY-DRC-RPX" Name="top_for_board_methodology_drc_routed.rpx"/>
  <File Type="BITSTR-SYSDEF" Name="top_for_board.sysdef"/>
  <File Type="ROUTE-METHODOLOGY-DRC-PB" Name="top_for_board_methodology_drc_routed.pb"/>
  <File Type="ROUTE-PWR-RPX" Name="top_for_board_power_routed.rpx"/>
  <File Type="ROUTE-STATUS" Name="top_for_board_route_status.rpt"/>
  <File Type="ROUTE-STATUS-PB" Name="top_for_board_route_status.pb"/>
  <File Type="ROUTE-TIMINGSUMMARY" Name="top_for_board_timing_summary_routed.rpt"/>
  <File Type="ROUTE-TIMING-PB" Name="top_for_board_timing_summary_routed.pb"/>
  <File Type="ROUTE-TIMING-RPX" Name="top_for_board_timing_summary_routed.rpx"/>
  <File Type="ROUTE-SIMILARITY" Name="top_for_board_incremental_reuse_routed.rpt"/>
  <File Type="ROUTE-CLK" Name="top_for_board_clock_utilization_routed.rpt"/>
  <File Type="ROUTE-BUS-SKEW" Name="top_for_board_bus_skew_routed.rpt"/>
  <File Type="ROUTE-BUS-SKEW-PB" Name="top_for_board_bus_skew_routed.pb"/>
  <File Type="ROUTE-BUS-SKEW-RPX" Name="top_for_board_bus_skew_routed.rpx"/>
  <File Type="POSTROUTE-PHYSOPT-DCP" Name="top_for_board_postroute_physopt.dcp"/>
  <File Type="POSTROUTE-PHYSOPT-BLACKBOX-DCP" Name="top_for_board_postroute_physopt_bb.dcp"/>
  <File Type="POSTROUTE-PHYSOPT-TIMING" Name="top_for_board_timing_summary_postroute_physopted.rpt"/>
  <File Type="POSTROUTE-PHYSOPT-TIMING-PB" Name="top_for_board_timing_summary_postroute_physopted.pb"/>
  <File Type="POSTROUTE-PHYSOPT-TIMING-RPX" Name="top_for_board_timing_summary_postroute_physopted.rpx"/>
  <File Type="POSTROUTE-PHYSOPT-BUS-SKEW" Name="top_for_board_bus_skew_postroute_physopted.rpt"/>
  <File Type="POSTROUTE-PHYSOPT-BUS-SKEW-PB" Name="top_for_board_bus_skew_postroute_physopted.pb"/>
  <File Type="BG-BIT" Name="top_for_board.bit"/>
  <File Type="POSTROUTE-PHYSOPT-BUS-SKEW-RPX" Name="top_for_board_bus_skew_postroute_physopted.rpx"/>
  <File Type="BITSTR-RBT" Name="top_for_board.rbt"/>
  <File Type="BITSTR-NKY" Name="top_for_board.nky"/>
  <File Type="BG-DRC" Name="top_for_board.drc"/>
  <File Type="RDI-RDI" Name="top_for_board.vdi"/>
  <File Type="WBT-USG" Name="usage_statistics_webtalk.html"/>
  <FileSet Name="sources" Type="DesignSrcs" RelSrcDir="$PSRCDIR/sources_1">
    <Filter Type="Srcs"/>
    <File Path="$PSRCDIR/sources_1/new/aludec.v">
      <FileInfo>
        <Attr Name="UsedIn" Val="synthesis"/>
        <Attr Name="UsedIn" Val="implementation"/>
        <Attr Name="UsedIn" Val="simulation"/>
      </FileInfo>
    </File>
    <File Path="$PSRCDIR/sources_1/new/controller.v">
      <FileInfo>
        <Attr Name="UsedIn" Val="synthesis"/>
        <Attr Name="UsedIn" Val="implementation"/>
        <Attr Name="UsedIn" Val="simulation"/>
      </FileInfo>
    </File>
    <File Path="$PSRCDIR/sources_1/new/debkey.v">
      <FileInfo>
        <Attr Name="UsedIn" Val="synthesis"/>
        <Attr Name="UsedIn" Val="implementation"/>
        <Attr Name="UsedIn" Val="simulation"/>
      </FileInfo>
    </File>
    <File Path="$PSRCDIR/sources_1/new/display.v">
      <FileInfo>
        <Attr Name="UsedIn" Val="synthesis"/>
        <Attr Name="UsedIn" Val="implementation"/>
        <Attr Name="UsedIn" Val="simulation"/>
      </FileInfo>
    </File>
    <File Path="$PSRCDIR/sources_1/new/maindec.v">
      <FileInfo>
        <Attr Name="UsedIn" Val="synthesis"/>
        <Attr Name="UsedIn" Val="implementation"/>
        <Attr Name="UsedIn" Val="simulation"/>
      </FileInfo>
    </File>
    <File Path="$PSRCDIR/sources_1/new/pc.v">
      <FileInfo>
        <Attr Name="UsedIn" Val="synthesis"/>
        <Attr Name="UsedIn" Val="implementation"/>
        <Attr Name="UsedIn" Val="simulation"/>
      </FileInfo>
    </File>
    <File Path="$PSRCDIR/sources_1/new/pc_adder.v">
      <FileInfo>
        <Attr Name="UsedIn" Val="synthesis"/>
        <Attr Name="UsedIn" Val="implementation"/>
        <Attr Name="UsedIn" Val="simulation"/>
      </FileInfo>
    </File>
    <File Path="$PSRCDIR/sources_1/new/seg7.v">
      <FileInfo>
        <Attr Name="UsedIn" Val="synthesis"/>
        <Attr Name="UsedIn" Val="implementation"/>
        <Attr Name="UsedIn" Val="simulation"/>
      </FileInfo>
    </File>
    <File Path="$PSRCDIR/sources_1/new/top.v">
      <FileInfo>
        <Attr Name="UsedIn" Val="synthesis"/>
        <Attr Name="UsedIn" Val="implementation"/>
        <Attr Name="UsedIn" Val="simulation"/>
      </FileInfo>
    </File>
    <File Path="$PSRCDIR/sources_1/new/toptop.v">
      <FileInfo>
        <Attr Name="UsedIn" Val="synthesis"/>
        <Attr Name="UsedIn" Val="implementation"/>
        <Attr Name="UsedIn" Val="simulation"/>
      </FileInfo>
    </File>
    <File Path="$PPRDIR/inst_ram.coe">
      <FileInfo>
        <Attr Name="UsedIn" Val="synthesis"/>
        <Attr Name="UsedIn" Val="simulation"/>
      </FileInfo>
    </File>
    <Config>
      <Option Name="DesignMode" Val="RTL"/>
      <Option Name="TopModule" Val="top_for_board"/>
    </Config>
  </FileSet>
  <FileSet Name="constrs_in" Type="Constrs" RelSrcDir="$PSRCDIR/constrs_1">
    <Filter Type="Constrs"/>
    <File Path="$PSRCDIR/constrs_1/new/constr.xdc">
      <FileInfo>
        <Attr Name="UsedIn" Val="synthesis"/>
        <Attr Name="UsedIn" Val="implementation"/>
      </FileInfo>
    </File>
    <Config>
      <Option Name="ConstrsType" Val="XDC"/>
    </Config>
  </FileSet>
  <FileSet Name="utils" Type="Utils" RelSrcDir="$PSRCDIR/utils_1">
    <Filter Type="Utils"/>
    <Config>
      <Option Name="TopAutoSet" Val="TRUE"/>
    </Config>
  </FileSet>
  <Strategy Version="1" Minor="2">
    <StratHandle Name="Vivado Implementation Defaults" Flow="Vivado Implementation 2019"/>
    <Step Id="init_design"/>
    <Step Id="opt_design"/>
    <Step Id="power_opt_design"/>
    <Step Id="place_design"/>
    <Step Id="post_place_power_opt_design"/>
    <Step Id="phys_opt_design"/>
    <Step Id="route_design"/>
    <Step Id="post_route_phys_opt_design"/>
    <Step Id="write_bitstream"/>
  </Strategy>
  <BlockFileSet Type="BlockSrcs" Name="mem"/>
</GenRun>
